{
  "Logistic Regression": {
    "cv": {
      "test_roc_auc": {
        "mean": 0.9137680150295335,
        "std": 0.007935229691236997
      },
      "test_avg_precision": {
        "mean": 0.9171626317305677,
        "std": 0.009563998232461828
      },
      "test_f1": {
        "mean": 0.817537038116414,
        "std": 0.009254280083336938
      },
      "test_bal_acc": {
        "mean": 0.8228499872579711,
        "std": 0.006670224130362672
      }
    },
    "test": {
      "roc_auc": 0.9033213977034201,
      "avg_prec": 0.9116968567437378,
      "f1": 0.8178294573643411,
      "bal_acc": 0.8255340165452525,
      "mcc": 0.653005980176367
    }
  },
  "Random Forest": {
    "cv": {
      "test_roc_auc": {
        "mean": 0.9446833913370167,
        "std": 0.010803210889641916
      },
      "test_avg_precision": {
        "mean": 0.9484992277988831,
        "std": 0.010917395684492003
      },
      "test_f1": {
        "mean": 0.8704093296205142,
        "std": 0.016500774777228583
      },
      "test_bal_acc": {
        "mean": 0.8719405404792383,
        "std": 0.015859151882288102
      }
    },
    "test": {
      "roc_auc": 0.9412135928989861,
      "avg_prec": 0.9485058594936828,
      "f1": 0.866412213740458,
      "bal_acc": 0.8701485780137466,
      "mcc": 0.7411109938250505
    }
  },
  "Gradient Boosting": {
    "cv": {
      "test_roc_auc": {
        "mean": 0.9514824484928914,
        "std": 0.011821860866503766
      },
      "test_avg_precision": {
        "mean": 0.9521924689466458,
        "std": 0.012889934306678104
      },
      "test_f1": {
        "mean": 0.889674599237383,
        "std": 0.02056797442393065
      },
      "test_bal_acc": {
        "mean": 0.8917447680725742,
        "std": 0.02014647505426967
      }
    },
    "test": {
      "roc_auc": 0.9418309530669081,
      "avg_prec": 0.9478453694331943,
      "f1": 0.8867562380038388,
      "bal_acc": 0.8904597275383792,
      "mcc": 0.7822459474409946
    }
  },
  "GB (Calibrated)": {
    "cv": null,
    "test": {
      "roc_auc": 0.9399377152186141,
      "avg_prec": 0.9364661971079733,
      "f1": 0.8855534709193246,
      "bal_acc": 0.8870025105980162,
      "mcc": 0.7740421891963034
    }
  }
}